{
  "Baseline": {
    "tps": 0.2660061611177401,
    "valid": true,
    "n": 32,
    "pre": 4649.104356765747,
    "dec": 120297.96552658081,
    "acc": "\u2014"
  },
  "TurboSparse": {
    "tps": 0.29730207467110553,
    "valid": true,
    "n": 32,
    "pre": 4786.739110946655,
    "dec": 107634.63401794434,
    "acc": "\u2014"
  },
  "PowerInfer": {
    "tps": 0.2548342667013107,
    "valid": true,
    "n": 32,
    "pre": 4607.492923736572,
    "dec": 125571.80953025818,
    "acc": "\u2014"
  },
  "PI+TurboSparse": {
    "tps": 0.28786031619445224,
    "valid": true,
    "n": 32,
    "pre": 3791.266918182373,
    "dec": 111165.0276184082,
    "acc": "\u2014"
  },
  "Speculative": {
    "tps": 0.7377006586719809,
    "valid": true,
    "n": 36,
    "pre": 5343.156099319458,
    "dec": 48800.28176307678,
    "acc": "100%"
  },
  "Spec+TurboSparse": {
    "tps": 0.8926090506695616,
    "valid": true,
    "n": 36,
    "pre": 5302.264213562012,
    "dec": 40331.20656013489,
    "acc": "100%"
  }
}