{
  "Baseline": {
    "tps": 0.3379580416805355,
    "valid": true,
    "n": 32,
    "pre": 7661.803245544434,
    "dec": 94686.31029129028,
    "acc": "\u2014"
  },
  "TurboSparse": {
    "tps": 0.3399882210401607,
    "valid": true,
    "n": 32,
    "pre": 8139.181852340698,
    "dec": 94120.9077835083,
    "acc": "\u2014"
  },
  "PowerInfer": {
    "tps": 0.33786485692492607,
    "valid": true,
    "n": 32,
    "pre": 7951.472043991089,
    "dec": 94712.4252319336,
    "acc": "\u2014"
  },
  "PI+TurboSparse": {
    "tps": 0.31953083185594244,
    "valid": true,
    "n": 32,
    "pre": 7936.406135559082,
    "dec": 100146.83032035828,
    "acc": "\u2014"
  },
  "Speculative": {
    "tps": 1.2323491012266838,
    "valid": true,
    "n": 36,
    "pre": 7904.2487144470215,
    "dec": 29212.501525878906,
    "acc": "100%"
  },
  "Spec+TurboSparse": {
    "tps": 1.2706945340599278,
    "valid": true,
    "n": 36,
    "pre": 7595.070123672485,
    "dec": 28330.963134765625,
    "acc": "100%"
  }
}