{
  "Baseline": {
    "tps": 0.5045047981691797,
    "valid": true,
    "n": 32,
    "pre": 4706.825733184814,
    "dec": 63428.534507751465,
    "acc": "\u2014"
  },
  "TurboSparse": {
    "tps": 0.4592437599223497,
    "valid": true,
    "n": 32,
    "pre": 4781.051158905029,
    "dec": 69679.77094650269,
    "acc": "\u2014"
  },
  "PowerInfer": {
    "tps": 0.42850010007124867,
    "valid": true,
    "n": 32,
    "pre": 4457.033395767212,
    "dec": 74679.09574508667,
    "acc": "\u2014"
  },
  "PI+TurboSparse": {
    "tps": 0.4351140223893846,
    "valid": true,
    "n": 32,
    "pre": 4644.744157791138,
    "dec": 73543.94102096558,
    "acc": "\u2014"
  },
  "Speculative": {
    "tps": 0.5517402096194822,
    "valid": true,
    "n": 27,
    "pre": 4888.388872146606,
    "dec": 48936.07449531555,
    "acc": "50%"
  },
  "Spec+TurboSparse": {
    "tps": 0.5196714123960774,
    "valid": true,
    "n": 27,
    "pre": 4766.824007034302,
    "dec": 51955.90782165527,
    "acc": "50%"
  }
}