{
  "Baseline": {
    "tps": 0.4394479043485599,
    "valid": true,
    "n": 32,
    "pre": 5833.367824554443,
    "dec": 72818.64285469055,
    "acc": "\u2014"
  },
  "TurboSparse": {
    "tps": 0.41357673441795006,
    "valid": true,
    "n": 32,
    "pre": 5844.87247467041,
    "dec": 77373.79145622253,
    "acc": "\u2014"
  },
  "PowerInfer": {
    "tps": 0.4396672056661175,
    "valid": true,
    "n": 32,
    "pre": 5932.672023773193,
    "dec": 72782.32169151306,
    "acc": "\u2014"
  },
  "PI+TurboSparse": {
    "tps": 0.4378909048738073,
    "valid": true,
    "n": 32,
    "pre": 6034.974098205566,
    "dec": 73077.5625705719,
    "acc": "\u2014"
  },
  "Speculative": {
    "tps": 1.2782170739748275,
    "valid": true,
    "n": 35,
    "pre": 5788.831949234009,
    "dec": 27381.890535354614,
    "acc": "100%"
  },
  "Spec+TurboSparse": {
    "tps": 1.3166293144983217,
    "valid": true,
    "n": 35,
    "pre": 5780.076026916504,
    "dec": 26583.032608032227,
    "acc": "100%"
  }
}