{
  "Baseline": {
    "tps": 0.6057764848229255,
    "valid": true,
    "n": 32,
    "pre": 3698.9147663116455,
    "dec": 52824.764251708984,
    "acc": "\u2014"
  },
  "TurboSparse": {
    "tps": 0.5702160494777815,
    "valid": true,
    "n": 32,
    "pre": 3495.673418045044,
    "dec": 56119.07982826233,
    "acc": "\u2014"
  },
  "PowerInfer": {
    "tps": 0.6286958280575959,
    "valid": true,
    "n": 32,
    "pre": 3430.919647216797,
    "dec": 50899.017572402954,
    "acc": "\u2014"
  },
  "PI+TurboSparse": {
    "tps": 0.642228420093496,
    "valid": true,
    "n": 32,
    "pre": 3835.1047039031982,
    "dec": 49826.50876045227,
    "acc": "\u2014"
  },
  "Speculative": {
    "tps": 0.8005194792553514,
    "valid": true,
    "n": 20,
    "pre": 3690.3984546661377,
    "dec": 24983.776807785034,
    "acc": "25%"
  },
  "Spec+TurboSparse": {
    "tps": 0.8543087786890299,
    "valid": true,
    "n": 20,
    "pre": 3535.931348800659,
    "dec": 23410.739183425903,
    "acc": "25%"
  }
}