{
  "Baseline": {
    "tps": 0.5743131768645895,
    "valid": true,
    "n": 32,
    "pre": 2968.5685634613037,
    "dec": 55718.72854232788,
    "acc": "\u2014"
  },
  "TurboSparse": {
    "tps": 0.47779438971820615,
    "valid": true,
    "n": 32,
    "pre": 2904.2954444885254,
    "dec": 66974.41554069519,
    "acc": "\u2014"
  },
  "PowerInfer": {
    "tps": 0.5490165301891086,
    "valid": true,
    "n": 32,
    "pre": 2678.2002449035645,
    "dec": 58286.041021347046,
    "acc": "\u2014"
  },
  "PI+TurboSparse": {
    "tps": 0.5571672767520538,
    "valid": true,
    "n": 32,
    "pre": 2956.071138381958,
    "dec": 57433.380126953125,
    "acc": "\u2014"
  },
  "Speculative": {
    "tps": 0.5317187231417861,
    "valid": true,
    "n": 26,
    "pre": 2818.9785480499268,
    "dec": 48898.033618927,
    "acc": "12%"
  },
  "Spec+TurboSparse": {
    "tps": 0.6831857062980359,
    "valid": true,
    "n": 26,
    "pre": 2692.5997734069824,
    "dec": 38057.0023059845,
    "acc": "12%"
  }
}