{
  "Baseline": {
    "tps": 0.8303924371659706,
    "valid": true,
    "n": 32,
    "pre": 2826.326370239258,
    "dec": 38535.996437072754,
    "acc": "\u2014"
  },
  "TurboSparse": {
    "tps": 0.9649554902252423,
    "valid": true,
    "n": 32,
    "pre": 2666.0585403442383,
    "dec": 33162.15133666992,
    "acc": "\u2014"
  },
  "PowerInfer": {
    "tps": 0.8157167441233882,
    "valid": true,
    "n": 32,
    "pre": 2963.430643081665,
    "dec": 39229.30383682251,
    "acc": "\u2014"
  },
  "PI+TurboSparse": {
    "tps": 0.8482969852694736,
    "valid": true,
    "n": 32,
    "pre": 2629.127264022827,
    "dec": 37722.63789176941,
    "acc": "\u2014"
  },
  "Speculative": {
    "tps": 3.3141018416334354,
    "valid": true,
    "n": 36,
    "pre": 2674.529790878296,
    "dec": 10862.671613693237,
    "acc": "100%"
  },
  "Spec+TurboSparse": {
    "tps": 3.3489338400846513,
    "valid": true,
    "n": 36,
    "pre": 2896.334409713745,
    "dec": 10749.689817428589,
    "acc": "100%"
  }
}