{
  "Baseline": {
    "tps": 0.482177542306793,
    "valid": true,
    "n": 32,
    "pre": 9213.22512626648,
    "dec": 66365.5960559845,
    "acc": "\u2014"
  },
  "TurboSparse": {
    "tps": 0.4884693301503994,
    "valid": true,
    "n": 32,
    "pre": 9054.796695709229,
    "dec": 65510.76602935791,
    "acc": "\u2014"
  },
  "PowerInfer": {
    "tps": 0.48852909215056917,
    "valid": true,
    "n": 32,
    "pre": 8949.161529541016,
    "dec": 65502.75206565857,
    "acc": "\u2014"
  },
  "PI+TurboSparse": {
    "tps": 0.49635672912153256,
    "valid": true,
    "n": 32,
    "pre": 9026.27158164978,
    "dec": 64469.76161003113,
    "acc": "\u2014"
  },
  "Speculative": {
    "tps": 1.417433306410586,
    "valid": true,
    "n": 39,
    "pre": 9101.794958114624,
    "dec": 27514.522075653076,
    "acc": "100%"
  },
  "Spec+TurboSparse": {
    "tps": 1.464924122643536,
    "valid": true,
    "n": 39,
    "pre": 9282.108783721924,
    "dec": 26622.539281845093,
    "acc": "100%"
  }
}