{
  "Baseline": {
    "tps": 0.47772154047652005,
    "valid": true,
    "n": 32,
    "pre": 10547.235250473022,
    "dec": 66984.62867736816,
    "acc": "\u2014"
  },
  "TurboSparse": {
    "tps": 0.48171189077084475,
    "valid": true,
    "n": 32,
    "pre": 9928.51448059082,
    "dec": 66429.74901199341,
    "acc": "\u2014"
  },
  "PowerInfer": {
    "tps": 0.5003696617077735,
    "valid": true,
    "n": 32,
    "pre": 10286.16189956665,
    "dec": 63952.71825790405,
    "acc": "\u2014"
  },
  "PI+TurboSparse": {
    "tps": 0.4753555563562889,
    "valid": true,
    "n": 32,
    "pre": 10343.677043914795,
    "dec": 67318.030834198,
    "acc": "\u2014"
  },
  "Speculative": {
    "tps": 0.4853626984062552,
    "valid": true,
    "n": 32,
    "pre": 10433.550596237183,
    "dec": 65930.07683753967,
    "acc": "0%"
  },
  "Spec+TurboSparse": {
    "tps": 0.47327432276267006,
    "valid": true,
    "n": 32,
    "pre": 10333.209991455078,
    "dec": 67614.06326293945,
    "acc": "0%"
  }
}