{
  "Baseline": {
    "tps": 0.3896267978898057,
    "valid": true,
    "n": 32,
    "pre": 4342.824697494507,
    "dec": 82129.87446784973,
    "acc": "\u2014"
  },
  "TurboSparse": {
    "tps": 0.3880002202694474,
    "valid": true,
    "n": 32,
    "pre": 4143.223285675049,
    "dec": 82474.17998313904,
    "acc": "\u2014"
  },
  "PowerInfer": {
    "tps": 0.36031712588799525,
    "valid": true,
    "n": 32,
    "pre": 4008.1005096435547,
    "dec": 88810.65511703491,
    "acc": "\u2014"
  },
  "PI+TurboSparse": {
    "tps": 0.4544183785585515,
    "valid": true,
    "n": 32,
    "pre": 4230.5943965911865,
    "dec": 70419.68703269958,
    "acc": "\u2014"
  },
  "Speculative": {
    "tps": 0.7417081023983443,
    "valid": true,
    "n": 12,
    "pre": 4398.255109786987,
    "dec": 16178.871393203735,
    "acc": "38%"
  },
  "Spec+TurboSparse": {
    "tps": 0.7874158514997035,
    "valid": true,
    "n": 12,
    "pre": 4280.950307846069,
    "dec": 15239.723682403564,
    "acc": "38%"
  }
}